DROP TABLE IF EXISTS sale;
DROP TABLE IF EXISTS inventory_item;
DROP TABLE IF EXISTS inventory_category;
DROP TABLE IF EXISTS brand; 
DROP TABLE IF EXISTS store; 

CREATE TABLE store (
    store_id INT,
	store_name VARCHAR(40),
    PRIMARY KEY (store_id)
) engine = InnoDB;

INSERT INTO store
    VALUES(0, 'Lauras Closet'), 
    (1, 'Sew Lovely'),
    (2, 'Rose Petals'), 
    (3, 'Vintage Violet'), 
    (4, 'Fleur Boutique'), 
    (5, 'Tres Chic'), 
    (6, 'La Rosa'), 
    (7, 'Mini Chic'), 
    (8, 'Oak and Pine'),
    (9, 'In The Ivy');


CREATE TABLE brand (
	brand_id INT,
	brand_name VARCHAR(40),
    PRIMARY KEY (brand_id)
) engine = InnoDB;

INSERT INTO brand
    VALUES(0, 'Adidas'),
    (1, 'Alexander McQueen'),
    (2, 'ALLSAINTS'),
    (3, 'Alpha and Omega'),
    (4, 'Belstaff'),
    (5, 'Beyond Yoga'),
    (6, 'Black Halo'),
    (7, 'Beach Riot'),
    (8, 'Calvin Klein'),
    (9, 'Champion'),
    (10, 'Coin'),
    (11, 'City Chic Plus'),
    (12, 'Chantelle'),
    (13, 'Canada Goose'),
    (14, 'Dolce Vita'),
    (15, 'DKNY'),
    (16, 'Design Dreamer'),
    (17, 'Divine Heritage'),
    (18, 'Eleven'),
    (19, 'Emporio Armani'),
    (20, 'Eileen West'),
    (21, 'Eileen Fischer'),
    (22, 'Goldie'),
    (23, 'Happy Socks'),
    (24, 'Ingrid & Isabel'),
    (25, 'Jarlo'),
    (26, 'JOA'),
    (27, 'Kenneth Cole'),
    (28, 'La Blanca'),
    (29, 'Liverpool'),
    (30, 'Marc New York'),
    (31, 'Nike'),
    (32, 'Pendleton'),
    (33, 'Sadie & Sage'),
    (34, 'The Fifth Label'),
    (35, 'Via Spiga'),
    (36, 'Wolford');

CREATE TABLE inventory_category (
	category_id INT,
	category_name VARCHAR(40),
    PRIMARY KEY (category_id)
) engine = InnoDB;

INSERT INTO inventory_category
    VALUES (0, 'Top'),
    (1, 'Pant'),
    (2, 'Skirt'),
    (3, 'Accessory'),
    (4, 'Shoe'),
    (5, 'Jacket'),
    (6, 'Sweater'),
    (7, 'Dress'),
    (8, 'Active Wear'),
    (9, 'Lounge Wear');

CREATE TABLE  inventory_item(
	inventory_item_id INT,
	category_id INT,
	brand_id INT,
    PRIMARY KEY (inventory_item_id),
    FOREIGN KEY (category_id) references inventory_category (category_id),
    FOREIGN KEY (brand_id) references brand (brand_id)
) engine = InnoDB;

INSERT INTO inventory_item VALUES 
    (0, 4, 31), 
    (1, 3, 5), 
    (2, 3, 28), 
    (3, 1, 10), 
    (4, 5, 11), 
    (5, 4, 29), 
    (6, 7, 18), 
    (7, 4, 1), 
    (8, 3, 15), 
    (9, 0, 12), 
    (10, 9, 27), 
    (11, 5, 3), 
    (12, 0, 30), 
    (13, 1, 8), 
    (14, 3, 14), 
    (15, 9, 0), 
    (16, 1, 32), 
    (17, 3, 20), 
    (18, 7, 17), 
    (19, 1, 1), 
    (20, 6, 3), 
    (21, 9, 12), 
    (22, 6, 6), 
    (23, 4, 36), 
    (24, 2, 9), 
    (25, 8, 7), 
    (26, 4, 34), 
    (27, 5, 14), 
    (28, 1, 19), 
    (29, 4, 21), 
    (30, 7, 6), 
    (31, 0, 0), 
    (32, 8, 30), 
    (33, 7, 6), 
    (34, 4, 8), 
    (35, 7, 19), 
    (36, 5, 16), 
    (37, 6, 8), 
    (38, 6, 11), 
    (39, 4, 5), 
    (40, 2, 14), 
    (41, 6, 18), 
    (42, 9, 9), 
    (43, 1, 30), 
    (44, 4, 24), 
    (45, 8, 11), 
    (46, 7, 34), 
    (47, 9, 9), 
    (48, 8, 6), 
    (49, 4, 16), 
    (50, 7, 0);

CREATE TABLE  sale(
	sale_id INT,
    inventory_item_id INT,
	sale_price FLOAT (8,2),
	store_id INT,
    PRIMARY KEY (sale_id, inventory_item_id), -- changed this to (sale_id, inventory_item_id) to note buying multiple things in one transaction
    FOREIGN KEY (inventory_item_id) references inventory_item (inventory_item_id),
    FOREIGN KEY (store_id) references store(store_id)
) engine = InnoDB;

INSERT INTO sale VALUES 
(0, 35, 66.0, 2), 
(1, 43, 52.0, 9), 
(2, 29, 86.0, 6), 
(3, 27, 113.0, 7), 
(4, 17, 96.0, 6), 
(5, 31, 22.0, 7), 
(6, 13, 25.0, 5), 
(7, 28, 22.0, 2), 
(8, 5, 119.0, 3), 
(9, 37, 107.0, 7), 
(10, 15, 126.0, 0), 
(11, 24, 75.0, 4), 
(12, 27, 56.0, 5), 
(13, 47, 134.0, 3), 
(14, 22, 144.0, 1), 
(15, 4, 42.0, 4), 
(16, 1, 66.0, 5), 
(17, 11, 118.0, 9), 
(18, 36, 29.0, 3), 
(19, 27, 150.0, 1), 
(20, 45, 92.0, 2), 
(21, 33, 92.0, 1), 
(22, 26, 112.0, 4), 
(23, 39, 131.0, 5), 
(24, 41, 96.0, 2), 
(25, 26, 63.0, 1), 
(26, 6, 134.0, 7), 
(27, 33, 32.0, 8), 
(28, 7, 64.0, 2), 
(29, 1, 144.0, 3), 
(30, 34, 123.0, 2), 
(31, 23, 116.0, 2), 
(32, 30, 70.0, 5), 
(33, 27, 54.0, 6), 
(34, 8, 61.0, 0), 
(35, 3, 67.0, 9), 
(36, 40, 98.0, 6), 
(37, 5, 108.0, 8), 
(38, 41, 34.0, 3), 
(39, 42, 51.0, 2), 
(40, 26, 24.0, 3), 
(41, 2, 34.0, 7), 
(42, 46, 27.0, 7), 
(43, 1, 47.0, 3), 
(44, 6, 115.0, 3), 
(45, 3, 73.0, 3), 
(46, 35, 40.0, 4), 
(47, 5, 123.0, 6), 
(48, 10, 34.0, 4), 
(49, 22, 93.0, 6), 
(50, 20, 52.0, 4), 
(51, 27, 48.0, 9), 
(52, 14, 146.0, 6), 
(53, 48, 75.0, 3), 
(54, 32, 34.0, 4), 
(55, 34, 98.0, 4), 
(56, 47, 139.0, 3), 
(57, 6, 77.0, 9), 
(58, 13, 32.0, 0), 
(59, 28, 97.0, 7), 
(60, 32, 90.0, 8), 
(61, 11, 145.0, 2), 
(62, 1, 30.0, 1), 
(63, 10, 142.0, 7), 
(64, 3, 112.0, 4), 
(65, 48, 130.0, 3), 
(66, 27, 101.0, 4), 
(67, 49, 147.0, 5), 
(68, 44, 108.0, 0), 
(69, 36, 117.0, 4), 
(70, 22, 27.0, 1), 
(71, 45, 37.0, 8), 
(72, 15, 129.0, 2), 
(73, 47, 68.0, 9), 
(74, 28, 105.0, 4), 
(75, 2, 69.0, 3), 
(76, 45, 97.0, 2), 
(77, 27, 43.0, 5), 
(78, 21, 116.0, 4), 
(79, 28, 104.0, 5), 
(80, 33, 150.0, 3), 
(81, 3, 119.0, 3), 
(82, 14, 89.0, 9), 
(83, 18, 58.0, 1), 
(84, 21, 58.0, 2), 
(85, 35, 87.0, 7), 
(86, 13, 67.0, 9), 
(87, 14, 139.0, 9), 
(88, 31, 79.0, 9), 
(89, 28, 119.0, 7), 
(90, 1, 85.0, 6), 
(91, 9, 113.0, 1), 
(92, 10, 89.0, 2), 
(93, 26, 145.0, 3), 
(94, 14, 76.0, 6), 
(95, 27, 88.0, 3), 
(96, 39, 104.0, 0), 
(97, 33, 136.0, 6), 
(98, 39, 144.0, 0), 
(99, 8, 93.0, 4), 
(100, 36, 98.0, 9), 
(101, 1, 78.0, 9), 
(102, 41, 60.0, 3), 
(103, 6, 40.0, 1), 
(104, 38, 67.0, 6), 
(105, 27, 103.0, 4), 
(106, 20, 145.0, 8), 
(107, 46, 46.0, 0), 
(108, 13, 130.0, 3), 
(109, 27, 41.0, 8), 
(110, 1, 55.0, 6), 
(111, 47, 68.0, 0), 
(112, 6, 103.0, 4), 
(113, 25, 48.0, 9), 
(114, 30, 90.0, 3), 
(115, 43, 64.0, 8), 
(116, 36, 89.0, 6), 
(117, 37, 24.0, 8), 
(118, 47, 140.0, 8), 
(119, 18, 144.0, 6), 
(120, 4, 61.0, 7), 
(121, 37, 27.0, 8), 
(122, 5, 93.0, 6), 
(123, 44, 136.0, 2), 
(124, 37, 105.0, 1), 
(125, 7, 66.0, 3), 
(126, 48, 148.0, 9), 
(127, 3, 36.0, 5), 
(128, 22, 49.0, 9), 
(129, 18, 110.0, 9), 
(130, 18, 82.0, 3), 
(131, 31, 73.0, 0), 
(132, 15, 66.0, 3), 
(133, 25, 88.0, 6), 
(134, 18, 77.0, 0), 
(135, 9, 93.0, 6), 
(136, 6, 87.0, 8), 
(137, 37, 104.0, 0), 
(138, 37, 150.0, 1), 
(139, 49, 95.0, 4), 
(140, 37, 35.0, 3), 
(141, 1, 131.0, 0), 
(142, 14, 26.0, 9), 
(143, 13, 41.0, 9), 
(144, 6, 141.0, 5), 
(145, 17, 125.0, 8), 
(146, 40, 106.0, 5), 
(147, 3, 109.0, 7), 
(148, 19, 121.0, 3), 
(149, 6, 115.0, 5), 
(150, 34, 127.0, 1), 
(151, 36, 39.0, 8), 
(152, 1, 101.0, 3), 
(153, 11, 59.0, 0), 
(154, 11, 135.0, 4), 
(155, 26, 32.0, 5), 
(156, 49, 88.0, 9), 
(157, 15, 114.0, 4), 
(158, 34, 100.0, 4), 
(159, 41, 46.0, 9), 
(160, 6, 96.0, 4), 
(161, 10, 87.0, 9), 
(162, 23, 101.0, 4), 
(163, 6, 50.0, 0), 
(164, 27, 60.0, 1), 
(165, 6, 90.0, 9), 
(166, 43, 99.0, 5), 
(167, 4, 127.0, 8), 
(168, 2, 71.0, 1), 
(169, 40, 145.0, 4), 
(170, 36, 121.0, 8), 
(171, 48, 89.0, 1), 
(172, 1, 53.0, 8), 
(173, 31, 55.0, 6), 
(174, 12, 52.0, 3), 
(175, 3, 22.0, 0), 
(176, 6, 130.0, 0), 
(177, 18, 24.0, 9), 
(178, 35, 21.0, 1), 
(179, 22, 86.0, 0), 
(180, 19, 149.0, 0), 
(181, 6, 129.0, 4), 
(182, 44, 102.0, 5), 
(183, 21, 137.0, 1), 
(184, 49, 62.0, 4), 
(185, 26, 30.0, 9), 
(186, 45, 113.0, 6), 
(187, 16, 68.0, 5), 
(188, 19, 148.0, 7), 
(189, 10, 78.0, 8), 
(190, 9, 99.0, 7), 
(191, 14, 39.0, 6), 
(192, 44, 45.0, 3), 
(193, 43, 126.0, 6), 
(194, 47, 75.0, 3), 
(195, 1, 101.0, 0), 
(196, 45, 73.0, 3), 
(197, 18, 37.0, 4), 
(198, 19, 102.0, 9), 
(199, 19, 144.0, 4), 
(200, 45, 87.0, 4), 
(201, 7, 135.0, 8), 
(202, 15, 48.0, 8), 
(203, 33, 67.0, 1), 
(204, 49, 101.0, 0), 
(205, 3, 99.0, 2), 
(206, 6, 26.0, 4), 
(207, 37, 78.0, 2), 
(208, 37, 37.0, 1), 
(209, 18, 114.0, 5), 
(210, 16, 42.0, 5), 
(211, 2, 73.0, 1), 
(212, 43, 55.0, 3), 
(213, 18, 30.0, 3), 
(214, 1, 144.0, 1), 
(215, 31, 72.0, 8), 
(216, 39, 122.0, 5), 
(217, 18, 105.0, 7), 
(218, 24, 142.0, 1), 
(219, 32, 149.0, 0), 
(220, 5, 57.0, 3), 
(221, 31, 37.0, 1), 
(222, 12, 121.0, 0), 
(223, 20, 73.0, 4), 
(224, 19, 64.0, 9), 
(225, 7, 112.0, 9), 
(226, 26, 142.0, 5), 
(227, 16, 63.0, 5), 
(228, 13, 73.0, 5), 
(229, 43, 135.0, 4), 
(230, 7, 122.0, 0), 
(231, 2, 91.0, 1), 
(232, 43, 102.0, 1), 
(233, 37, 148.0, 3), 
(234, 42, 87.0, 9), 
(235, 14, 115.0, 1), 
(236, 23, 127.0, 4), 
(237, 21, 97.0, 9), 
(238, 18, 95.0, 9), 
(239, 43, 114.0, 0), 
(240, 9, 84.0, 3), 
(241, 26, 79.0, 7), 
(242, 18, 56.0, 4), 
(243, 12, 62.0, 6), 
(244, 38, 32.0, 2), 
(245, 37, 22.0, 9), 
(246, 30, 30.0, 4), 
(247, 12, 100.0, 2), 
(248, 19, 45.0, 1), 
(249, 9, 133.0, 3), 
(250, 10, 30.0, 9), 
(251, 40, 74.0, 1), 
(252, 18, 55.0, 7), 
(253, 29, 53.0, 6), 
(254, 12, 146.0, 0), 
(255, 43, 106.0, 2), 
(256, 6, 40.0, 5), 
(257, 2, 115.0, 9), 
(258, 31, 97.0, 2), 
(259, 19, 35.0, 6), 
(260, 6, 149.0, 6), 
(261, 18, 78.0, 2), 
(262, 38, 134.0, 3), 
(263, 28, 106.0, 3), 
(264, 12, 144.0, 8), 
(265, 28, 123.0, 5), 
(266, 32, 150.0, 2), 
(267, 12, 121.0, 1), 
(268, 12, 133.0, 7), 
(269, 10, 33.0, 8), 
(270, 40, 89.0, 6), 
(271, 4, 73.0, 1), 
(272, 24, 146.0, 3), 
(273, 31, 141.0, 2), 
(274, 25, 63.0, 4), 
(275, 12, 108.0, 0), 
(276, 14, 84.0, 5), 
(277, 2, 59.0, 8), 
(278, 49, 55.0, 3), 
(279, 24, 77.0, 0), 
(280, 21, 46.0, 9), 
(281, 14, 140.0, 8), 
(282, 2, 149.0, 1), 
(283, 31, 81.0, 4), 
(284, 20, 72.0, 3), 
(285, 28, 118.0, 3), 
(286, 1, 20.0, 5), 
(287, 44, 71.0, 4), 
(288, 42, 96.0, 0), 
(289, 21, 39.0, 3), 
(290, 45, 54.0, 4), 
(291, 12, 66.0, 6), 
(292, 48, 94.0, 6), 
(293, 32, 38.0, 9), 
(294, 16, 57.0, 4), 
(295, 3, 136.0, 2), 
(296, 49, 131.0, 7), 
(297, 43, 147.0, 4), 
(298, 32, 146.0, 6), 
(299, 43, 87.0, 1), 
(300, 13, 130.0, 4), 
(301, 39, 66.0, 5), 
(302, 39, 30.0, 7), 
(303, 5, 143.0, 6), 
(304, 37, 81.0, 3), 
(305, 10, 109.0, 7), 
(306, 17, 56.0, 7), 
(307, 23, 54.0, 1), 
(308, 30, 117.0, 0), 
(309, 40, 21.0, 2), 
(310, 8, 141.0, 9), 
(311, 8, 25.0, 7), 
(312, 27, 64.0, 1), 
(313, 4, 99.0, 4), 
(314, 37, 45.0, 2), 
(315, 17, 124.0, 0), 
(316, 9, 127.0, 8), 
(317, 46, 77.0, 2), 
(318, 7, 87.0, 0), 
(319, 36, 56.0, 6), 
(320, 30, 62.0, 8), 
(321, 47, 117.0, 3), 
(322, 8, 134.0, 5), 
(323, 43, 89.0, 0), 
(324, 41, 33.0, 2), 
(325, 38, 94.0, 9), 
(326, 43, 34.0, 3), 
(327, 14, 98.0, 0), 
(328, 24, 121.0, 8), 
(329, 37, 45.0, 1), 
(330, 27, 82.0, 7), 
(331, 12, 144.0, 4), 
(332, 44, 53.0, 0), 
(333, 47, 40.0, 8), 
(334, 2, 109.0, 1), 
(335, 1, 87.0, 2), 
(336, 13, 47.0, 2), 
(337, 24, 105.0, 2), 
(338, 46, 126.0, 1), 
(339, 5, 128.0, 2), 
(340, 46, 60.0, 4), 
(341, 40, 24.0, 3), 
(342, 14, 112.0, 3), 
(343, 44, 76.0, 8), 
(344, 43, 73.0, 0), 
(345, 26, 62.0, 0), 
(346, 21, 72.0, 1), 
(347, 19, 45.0, 0), 
(348, 19, 119.0, 3), 
(349, 30, 49.0, 2), 
(350, 6, 58.0, 2), 
(351, 26, 91.0, 3), 
(352, 41, 120.0, 6), 
(353, 42, 127.0, 7), 
(354, 44, 135.0, 0), 
(355, 47, 35.0, 1), 
(356, 17, 91.0, 0), 
(357, 24, 150.0, 1), 
(358, 16, 149.0, 1), 
(359, 30, 63.0, 5), 
(360, 7, 36.0, 4), 
(361, 14, 33.0, 1), 
(362, 33, 142.0, 9), 
(363, 24, 111.0, 3), 
(364, 2, 61.0, 2), 
(365, 15, 109.0, 8), 
(366, 43, 42.0, 9), 
(367, 12, 94.0, 7), 
(368, 44, 30.0, 0), 
(369, 1, 103.0, 5), 
(370, 15, 47.0, 0), 
(371, 12, 106.0, 8), 
(372, 18, 24.0, 1), 
(373, 36, 122.0, 1), 
(374, 1, 61.0, 2), 
(375, 42, 134.0, 4), 
(376, 22, 92.0, 8), 
(377, 21, 92.0, 2), 
(378, 33, 119.0, 3), 
(379, 24, 37.0, 0), 
(380, 8, 38.0, 2), 
(381, 48, 30.0, 0), 
(382, 12, 61.0, 3), 
(383, 12, 55.0, 0), 
(384, 34, 32.0, 0), 
(385, 46, 93.0, 3), 
(386, 13, 141.0, 3), 
(387, 49, 95.0, 0), 
(388, 11, 37.0, 3), 
(389, 23, 135.0, 9), 
(390, 45, 76.0, 1), 
(391, 45, 84.0, 2), 
(392, 7, 88.0, 1), 
(393, 45, 40.0, 0), 
(394, 6, 20.0, 6), 
(395, 22, 61.0, 2), 
(396, 28, 75.0, 3), 
(397, 38, 131.0, 3), 
(398, 6, 66.0, 4), 
(399, 27, 107.0, 7), 
(400, 16, 62.0, 0), 
(401, 35, 85.0, 1), 
(402, 45, 54.0, 0), 
(403, 37, 87.0, 5), 
(404, 22, 116.0, 5), 
(405, 10, 39.0, 4), 
(406, 12, 121.0, 2), 
(407, 29, 108.0, 2), 
(408, 17, 141.0, 2), 
(409, 7, 27.0, 2), 
(410, 41, 96.0, 3), 
(411, 1, 122.0, 4), 
(412, 22, 73.0, 6), 
(413, 10, 66.0, 0), 
(414, 2, 150.0, 0), 
(415, 7, 147.0, 0), 
(416, 32, 104.0, 4), 
(417, 45, 132.0, 3), 
(418, 23, 102.0, 9), 
(419, 28, 110.0, 2), 
(420, 3, 66.0, 4), 
(421, 40, 125.0, 1), 
(422, 2, 97.0, 0), 
(423, 3, 128.0, 3), 
(424, 46, 28.0, 9), 
(425, 15, 148.0, 5), 
(426, 13, 107.0, 9), 
(427, 40, 123.0, 6), 
(428, 28, 81.0, 6), 
(429, 14, 90.0, 8), 
(430, 48, 70.0, 0), 
(431, 15, 39.0, 8), 
(432, 7, 56.0, 0), 
(433, 5, 33.0, 3), 
(434, 49, 140.0, 2), 
(435, 16, 79.0, 1), 
(436, 12, 137.0, 5), 
(437, 18, 100.0, 3), 
(438, 15, 40.0, 2), 
(439, 27, 46.0, 0), 
(440, 8, 35.0, 3), 
(441, 15, 85.0, 2), 
(442, 5, 49.0, 1), 
(443, 16, 83.0, 2), 
(444, 9, 150.0, 0), 
(445, 6, 32.0, 5), 
(446, 48, 89.0, 8), 
(447, 15, 150.0, 7), 
(448, 39, 37.0, 0), 
(449, 5, 138.0, 8), 
(450, 3, 70.0, 8), 
(451, 26, 114.0, 0), 
(452, 21, 118.0, 5), 
(453, 28, 36.0, 6), 
(454, 20, 139.0, 2), 
(455, 9, 61.0, 8), 
(456, 17, 47.0, 1), 
(457, 34, 40.0, 5), 
(458, 12, 56.0, 9), 
(459, 35, 111.0, 1), 
(460, 29, 52.0, 0), 
(461, 32, 97.0, 1), 
(462, 1, 62.0, 9), 
(463, 15, 100.0, 0), 
(464, 27, 117.0, 4), 
(465, 3, 41.0, 9), 
(466, 9, 112.0, 7), 
(467, 5, 29.0, 9), 
(468, 37, 103.0, 9), 
(469, 28, 70.0, 8), 
(470, 11, 96.0, 7), 
(471, 19, 140.0, 2), 
(472, 48, 111.0, 1), 
(473, 24, 56.0, 7), 
(474, 20, 126.0, 4), 
(475, 6, 137.0, 0), 
(476, 38, 24.0, 2), 
(477, 44, 21.0, 2), 
(478, 16, 28.0, 4), 
(479, 10, 130.0, 7), 
(480, 6, 22.0, 5), 
(481, 18, 120.0, 5), 
(482, 7, 71.0, 1), 
(483, 5, 91.0, 8), 
(484, 27, 132.0, 5), 
(485, 34, 66.0, 0), 
(486, 10, 68.0, 5), 
(487, 47, 42.0, 3), 
(488, 8, 42.0, 6), 
(489, 1, 54.0, 2), 
(490, 24, 122.0, 3), 
(491, 18, 31.0, 1), 
(492, 48, 92.0, 2), 
(493, 42, 139.0, 4), 
(494, 10, 75.0, 8), 
(495, 26, 117.0, 2), 
(496, 28, 87.0, 7), 
(497, 17, 100.0, 2), 
(498, 9, 26.0, 1), 
(499, 8, 29.0, 1), 
(500, 10, 125.0, 0), 
(501, 35, 45.0, 1), 
(502, 23, 94.0, 3), 
(503, 13, 127.0, 3), 
(504, 28, 122.0, 1), 
(505, 35, 74.0, 0), 
(506, 49, 36.0, 5), 
(507, 10, 147.0, 0), 
(508, 34, 91.0, 0), 
(509, 19, 34.0, 6), 
(510, 36, 116.0, 4), 
(511, 6, 50.0, 3), 
(512, 27, 47.0, 7), 
(513, 1, 35.0, 5), 
(514, 15, 63.0, 3), 
(515, 11, 68.0, 7), 
(516, 24, 83.0, 6), 
(517, 20, 148.0, 1), 
(518, 5, 73.0, 0), 
(519, 6, 42.0, 6), 
(520, 49, 49.0, 5), 
(521, 6, 27.0, 2), 
(522, 19, 66.0, 5), 
(523, 2, 45.0, 0), 
(524, 45, 69.0, 9), 
(525, 3, 103.0, 3), 
(526, 35, 132.0, 6), 
(527, 20, 38.0, 5), 
(528, 18, 46.0, 0), 
(529, 6, 84.0, 7), 
(530, 47, 111.0, 1), 
(531, 37, 124.0, 5), 
(532, 35, 72.0, 3), 
(533, 1, 118.0, 6), 
(534, 1, 38.0, 9), 
(535, 22, 124.0, 7), 
(536, 43, 26.0, 2), 
(537, 38, 64.0, 7), 
(538, 25, 53.0, 1), 
(539, 31, 63.0, 4), 
(540, 15, 96.0, 9), 
(541, 44, 20.0, 9), 
(542, 44, 56.0, 6), 
(543, 16, 127.0, 1), 
(544, 21, 91.0, 4), 
(545, 1, 118.0, 6), 
(546, 11, 86.0, 4), 
(547, 48, 57.0, 4), 
(548, 9, 42.0, 9), 
(549, 31, 64.0, 5), 
(550, 20, 76.0, 4), 
(551, 41, 137.0, 6), 
(552, 2, 64.0, 4), 
(553, 33, 135.0, 1), 
(554, 29, 147.0, 7), 
(555, 43, 26.0, 0), 
(556, 6, 34.0, 4), 
(557, 43, 95.0, 8), 
(558, 12, 70.0, 3), 
(559, 2, 33.0, 9), 
(560, 1, 40.0, 2), 
(561, 23, 118.0, 0), 
(562, 34, 51.0, 4), 
(563, 24, 35.0, 0), 
(564, 1, 129.0, 7), 
(565, 5, 78.0, 5), 
(566, 5, 36.0, 6), 
(567, 22, 119.0, 9), 
(568, 12, 89.0, 9), 
(569, 38, 116.0, 8), 
(570, 40, 131.0, 5), 
(571, 18, 123.0, 7), 
(572, 49, 102.0, 3), 
(573, 22, 123.0, 0), 
(574, 48, 104.0, 2), 
(575, 12, 53.0, 3), 
(576, 4, 138.0, 5), 
(577, 38, 68.0, 1), 
(578, 47, 75.0, 4), 
(579, 2, 117.0, 5), 
(580, 40, 85.0, 1), 
(581, 37, 136.0, 3), 
(582, 26, 46.0, 8), 
(583, 31, 56.0, 7), 
(584, 23, 63.0, 8), 
(585, 25, 104.0, 2), 
(586, 15, 100.0, 5), 
(587, 27, 117.0, 1), 
(588, 14, 45.0, 4), 
(589, 17, 99.0, 1), 
(590, 20, 96.0, 9), 
(591, 14, 78.0, 0), 
(592, 11, 88.0, 2), 
(593, 43, 133.0, 5), 
(594, 8, 27.0, 1), 
(595, 1, 28.0, 1), 
(596, 46, 105.0, 8), 
(597, 10, 130.0, 6), 
(598, 23, 35.0, 5), 
(599, 37, 57.0, 6), 
(600, 3, 60.0, 4), 
(601, 45, 72.0, 5), 
(602, 34, 72.0, 5), 
(603, 8, 92.0, 7), 
(604, 9, 114.0, 8), 
(605, 1, 29.0, 5), 
(606, 22, 86.0, 6), 
(607, 43, 65.0, 2), 
(608, 30, 134.0, 0), 
(609, 47, 118.0, 4), 
(610, 4, 24.0, 1), 
(611, 20, 82.0, 8), 
(612, 25, 139.0, 8), 
(613, 3, 134.0, 9), 
(614, 25, 101.0, 4), 
(615, 32, 87.0, 8), 
(616, 18, 85.0, 1), 
(617, 11, 31.0, 2), 
(618, 41, 144.0, 4), 
(619, 49, 38.0, 8), 
(620, 42, 40.0, 6), 
(621, 18, 39.0, 7), 
(622, 11, 69.0, 3), 
(623, 36, 99.0, 7), 
(624, 31, 117.0, 6), 
(625, 45, 44.0, 7), 
(626, 36, 122.0, 8), 
(627, 1, 45.0, 2), 
(628, 9, 117.0, 2), 
(629, 22, 144.0, 5), 
(630, 25, 28.0, 0), 
(631, 35, 150.0, 3), 
(632, 1, 113.0, 1), 
(633, 31, 126.0, 4), 
(634, 32, 91.0, 0), 
(635, 4, 39.0, 5), 
(636, 35, 116.0, 9), 
(637, 32, 112.0, 1), 
(638, 20, 48.0, 9), 
(639, 49, 38.0, 2), 
(640, 34, 47.0, 2), 
(641, 15, 141.0, 8), 
(642, 6, 83.0, 2), 
(643, 18, 114.0, 6), 
(644, 39, 79.0, 1), 
(645, 10, 91.0, 7), 
(646, 2, 53.0, 2), 
(647, 11, 31.0, 2), 
(648, 14, 71.0, 3), 
(649, 4, 43.0, 6), 
(650, 35, 49.0, 3), 
(651, 11, 71.0, 1), 
(652, 23, 145.0, 4), 
(653, 5, 92.0, 0), 
(654, 0, 40.0, 4), 
(655, 20, 41.0, 4), 
(656, 8, 93.0, 7), 
(657, 36, 109.0, 2), 
(658, 14, 146.0, 3), 
(659, 11, 112.0, 2), 
(660, 47, 98.0, 6), 
(661, 22, 82.0, 9), 
(662, 27, 125.0, 9), 
(663, 8, 133.0, 6), 
(664, 31, 116.0, 2), 
(665, 19, 35.0, 7), 
(666, 25, 60.0, 3), 
(667, 28, 126.0, 7), 
(668, 31, 82.0, 9), 
(669, 48, 111.0, 1), 
(670, 21, 136.0, 4), 
(671, 11, 23.0, 1), 
(672, 34, 63.0, 1), 
(673, 8, 104.0, 7), 
(674, 38, 52.0, 8), 
(675, 41, 84.0, 7), 
(676, 43, 27.0, 8), 
(677, 35, 20.0, 1), 
(678, 42, 77.0, 9), 
(679, 42, 47.0, 0), 
(680, 8, 48.0, 4), 
(681, 4, 20.0, 6), 
(682, 44, 23.0, 2), 
(683, 34, 21.0, 7), 
(684, 2, 92.0, 8), 
(685, 1, 73.0, 4), 
(686, 41, 95.0, 8), 
(687, 1, 139.0, 7), 
(688, 40, 57.0, 7), 
(689, 45, 36.0, 6), 
(690, 12, 80.0, 5), 
(691, 24, 98.0, 4), 
(692, 21, 34.0, 3), 
(693, 12, 78.0, 3), 
(694, 2, 77.0, 0), 
(695, 14, 97.0, 3), 
(696, 36, 67.0, 6), 
(697, 13, 69.0, 0), 
(698, 39, 92.0, 0), 
(699, 5, 145.0, 1), 
(700, 18, 31.0, 8), 
(701, 46, 69.0, 3), 
(702, 12, 63.0, 5), 
(703, 8, 25.0, 4), 
(704, 41, 94.0, 9), 
(705, 6, 70.0, 5), 
(706, 29, 97.0, 5), 
(707, 32, 119.0, 2), 
(708, 19, 128.0, 4), 
(709, 11, 58.0, 8), 
(710, 13, 45.0, 0), 
(711, 39, 28.0, 4), 
(712, 7, 44.0, 1), 
(713, 8, 32.0, 8), 
(714, 10, 87.0, 6), 
(715, 25, 117.0, 2), 
(716, 6, 58.0, 4), 
(717, 24, 51.0, 8), 
(718, 10, 24.0, 7), 
(719, 45, 136.0, 0), 
(720, 24, 45.0, 5), 
(721, 29, 141.0, 9), 
(722, 42, 78.0, 6), 
(723, 15, 114.0, 9), 
(724, 6, 20.0, 3), 
(725, 28, 137.0, 4), 
(726, 30, 147.0, 2), 
(727, 43, 138.0, 3), 
(728, 16, 68.0, 5), 
(729, 16, 35.0, 7), 
(730, 12, 102.0, 5), 
(731, 44, 81.0, 1), 
(732, 3, 136.0, 8), 
(733, 48, 51.0, 4), 
(734, 10, 49.0, 4), 
(735, 20, 120.0, 3), 
(736, 2, 79.0, 6), 
(737, 5, 48.0, 2), 
(738, 7, 110.0, 5), 
(739, 8, 28.0, 8), 
(740, 30, 32.0, 7), 
(741, 5, 63.0, 9), 
(742, 42, 27.0, 6), 
(743, 23, 110.0, 7), 
(744, 45, 73.0, 1), 
(745, 40, 39.0, 9), 
(746, 5, 64.0, 0), 
(747, 34, 104.0, 7), 
(748, 44, 110.0, 4), 
(749, 38, 112.0, 1), 
(750, 23, 94.0, 2), 
(751, 44, 95.0, 6), 
(752, 40, 85.0, 4), 
(753, 10, 45.0, 9), 
(754, 21, 33.0, 3), 
(755, 4, 33.0, 3), 
(756, 9, 41.0, 2), 
(757, 22, 97.0, 4), 
(758, 33, 89.0, 6), 
(759, 20, 105.0, 3), 
(760, 32, 59.0, 3), 
(761, 24, 148.0, 6), 
(762, 18, 122.0, 2), 
(763, 21, 124.0, 1), 
(764, 24, 130.0, 3), 
(765, 9, 51.0, 6), 
(766, 11, 37.0, 7), 
(767, 21, 98.0, 8), 
(768, 23, 62.0, 2), 
(769, 20, 146.0, 8), 
(770, 12, 135.0, 3), 
(771, 34, 135.0, 0), 
(772, 3, 82.0, 6), 
(773, 16, 83.0, 1), 
(774, 28, 105.0, 2), 
(775, 35, 106.0, 8), 
(776, 35, 89.0, 4), 
(777, 41, 28.0, 3), 
(778, 11, 107.0, 4), 
(779, 17, 79.0, 4), 
(780, 31, 28.0, 5), 
(781, 45, 128.0, 8), 
(782, 47, 76.0, 7), 
(783, 20, 119.0, 8), 
(784, 40, 45.0, 0), 
(785, 13, 146.0, 0), 
(786, 3, 23.0, 7), 
(787, 3, 90.0, 1), 
(788, 45, 149.0, 4), 
(789, 48, 74.0, 7), 
(790, 2, 73.0, 5), 
(791, 32, 71.0, 9), 
(792, 23, 92.0, 0), 
(793, 23, 37.0, 1), 
(794, 2, 107.0, 1), 
(795, 12, 148.0, 8), 
(796, 36, 93.0, 9), 
(797, 0, 137.0, 1), 
(798, 45, 39.0, 9), 
(799, 31, 23.0, 4), 
(800, 34, 26.0, 3), 
(801, 44, 138.0, 9), 
(802, 39, 103.0, 9), 
(803, 35, 58.0, 9), 
(804, 32, 98.0, 4), 
(805, 4, 31.0, 0), 
(806, 28, 139.0, 2), 
(807, 33, 146.0, 9), 
(808, 5, 49.0, 3), 
(809, 28, 99.0, 8), 
(810, 10, 92.0, 8), 
(811, 24, 89.0, 3), 
(812, 26, 67.0, 8), 
(813, 25, 41.0, 4), 
(814, 41, 133.0, 6), 
(815, 6, 63.0, 2), 
(816, 28, 136.0, 7), 
(817, 22, 27.0, 1), 
(818, 2, 82.0, 8), 
(819, 34, 114.0, 2), 
(820, 31, 117.0, 3), 
(821, 20, 128.0, 6), 
(822, 41, 45.0, 8), 
(823, 10, 137.0, 5), 
(824, 0, 121.0, 1), 
(825, 33, 25.0, 2), 
(826, 16, 58.0, 7), 
(827, 32, 62.0, 1), 
(828, 49, 150.0, 0), 
(829, 44, 128.0, 0), 
(830, 46, 78.0, 4), 
(831, 39, 135.0, 9), 
(832, 44, 41.0, 1), 
(833, 30, 137.0, 6), 
(834, 27, 61.0, 9), 
(835, 49, 112.0, 2), 
(836, 23, 57.0, 6), 
(837, 9, 65.0, 3), 
(838, 5, 90.0, 6), 
(839, 49, 120.0, 8), 
(840, 40, 32.0, 2), 
(841, 27, 48.0, 1), 
(842, 11, 44.0, 7), 
(843, 46, 25.0, 8), 
(844, 40, 47.0, 1), 
(845, 36, 107.0, 0), 
(846, 22, 53.0, 3), 
(847, 19, 108.0, 9), 
(848, 44, 128.0, 9), 
(849, 8, 117.0, 9), 
(850, 44, 65.0, 0), 
(851, 19, 38.0, 3), 
(852, 46, 131.0, 0), 
(853, 3, 69.0, 5), 
(854, 7, 121.0, 3), 
(855, 24, 41.0, 3), 
(856, 6, 113.0, 4), 
(857, 2, 81.0, 8), 
(858, 14, 120.0, 3), 
(859, 15, 76.0, 7), 
(860, 41, 68.0, 1), 
(861, 3, 125.0, 2), 
(862, 41, 21.0, 5), 
(863, 34, 118.0, 0), 
(864, 36, 51.0, 5), 
(865, 23, 31.0, 9), 
(866, 18, 88.0, 2), 
(867, 23, 37.0, 7), 
(868, 32, 133.0, 1), 
(869, 11, 34.0, 6), 
(870, 33, 67.0, 3), 
(871, 1, 59.0, 5), 
(872, 47, 120.0, 5), 
(873, 19, 45.0, 5), 
(874, 39, 85.0, 7), 
(875, 45, 70.0, 2), 
(876, 24, 138.0, 0), 
(877, 30, 96.0, 4), 
(878, 22, 123.0, 6), 
(879, 39, 123.0, 3), 
(880, 24, 61.0, 6), 
(881, 31, 27.0, 8), 
(882, 25, 30.0, 5), 
(883, 29, 144.0, 5), 
(884, 28, 108.0, 8), 
(885, 29, 133.0, 1), 
(886, 38, 89.0, 5), 
(887, 18, 27.0, 5), 
(888, 38, 142.0, 3), 
(889, 46, 112.0, 2), 
(890, 37, 62.0, 1), 
(891, 46, 67.0, 5), 
(892, 22, 21.0, 8), 
(893, 45, 42.0, 1), 
(894, 40, 102.0, 9), 
(895, 12, 56.0, 4), 
(896, 26, 129.0, 0), 
(897, 28, 39.0, 1), 
(898, 17, 89.0, 2), 
(899, 7, 72.0, 5), 
(900, 4, 46.0, 7), 
(901, 17, 115.0, 0), 
(902, 3, 140.0, 9), 
(903, 35, 62.0, 0), 
(904, 10, 27.0, 8), 
(905, 27, 100.0, 6), 
(906, 30, 78.0, 0), 
(907, 1, 114.0, 5), 
(908, 34, 123.0, 7), 
(909, 27, 78.0, 8), 
(910, 26, 74.0, 6), 
(911, 23, 117.0, 3), 
(912, 18, 82.0, 6), 
(913, 0, 111.0, 4), 
(914, 20, 34.0, 1), 
(915, 1, 109.0, 8), 
(916, 29, 34.0, 4), 
(917, 42, 85.0, 4), 
(918, 47, 85.0, 6), 
(919, 26, 47.0, 6), 
(920, 18, 122.0, 5), 
(921, 11, 72.0, 7), 
(922, 28, 65.0, 8), 
(923, 13, 89.0, 1), 
(924, 16, 57.0, 5), 
(925, 28, 106.0, 2), 
(926, 39, 135.0, 1), 
(927, 38, 59.0, 3), 
(928, 48, 60.0, 3), 
(929, 18, 103.0, 1), 
(930, 8, 95.0, 8), 
(931, 14, 148.0, 2), 
(932, 11, 87.0, 9), 
(933, 4, 74.0, 2), 
(934, 9, 39.0, 0), 
(935, 48, 73.0, 0), 
(936, 36, 50.0, 5), 
(937, 22, 63.0, 6), 
(938, 21, 33.0, 2), 
(939, 15, 65.0, 7), 
(940, 0, 120.0, 1), 
(941, 17, 65.0, 6), 
(942, 37, 85.0, 1), 
(943, 31, 128.0, 8), 
(944, 16, 131.0, 3), 
(945, 32, 129.0, 7), 
(946, 33, 133.0, 8), 
(947, 36, 82.0, 4), 
(948, 35, 93.0, 1), 
(949, 41, 100.0, 2), 
(950, 32, 112.0, 8), 
(951, 49, 82.0, 2), 
(952, 3, 117.0, 2), 
(953, 31, 91.0, 2), 
(954, 36, 103.0, 2), 
(955, 34, 50.0, 7), 
(956, 11, 117.0, 7), 
(957, 33, 110.0, 9), 
(958, 26, 46.0, 6), 
(959, 24, 31.0, 9), 
(960, 15, 132.0, 9), 
(961, 39, 141.0, 8), 
(962, 3, 79.0, 1), 
(963, 14, 88.0, 6), 
(964, 24, 121.0, 3), 
(965, 9, 46.0, 7), 
(966, 46, 89.0, 1), 
(967, 21, 73.0, 3), 
(968, 26, 142.0, 8), 
(969, 15, 92.0, 3), 
(970, 49, 49.0, 6), 
(971, 6, 54.0, 1), 
(972, 39, 66.0, 3), 
(973, 18, 123.0, 5), 
(974, 44, 87.0, 9), 
(975, 49, 121.0, 2), 
(976, 14, 97.0, 7), 
(977, 16, 98.0, 9), 
(978, 28, 113.0, 7), 
(979, 26, 26.0, 0), 
(980, 17, 91.0, 6), 
(981, 17, 81.0, 4), 
(982, 29, 111.0, 8), 
(983, 30, 111.0, 1), 
(984, 16, 59.0, 4), 
(985, 7, 124.0, 1), 
(986, 41, 109.0, 2), 
(987, 8, 104.0, 7), 
(988, 21, 144.0, 0), 
(989, 20, 115.0, 8), 
(990, 2, 24.0, 8), 
(991, 36, 103.0, 0), 
(992, 5, 147.0, 0), 
(993, 15, 67.0, 1), 
(994, 15, 64.0, 2), 
(995, 42, 98.0, 5), 
(996, 8, 87.0, 8), 
(997, 33, 93.0, 3), 
(998, 2, 50.0, 5), 
(999, 37, 27.0, 7);