DROP TABLE IF EXISTS sale;
DROP TABLE IF EXISTS inventory_item;
DROP TABLE IF EXISTS inventory_category;
DROP TABLE IF EXISTS brand; 
DROP TABLE IF EXISTS store; 

CREATE TABLE store (
    store_id INT,
	store_name VARCHAR(40),
    PRIMARY KEY (store_id)
) engine = InnoDB;

INSERT INTO store
    VALUES(0, 'Lauras Closet'), 
    (1, 'Sew Lovely'),
    (2, 'Rose Petals'), 
    (3, 'Vintage Violet'), 
    (4, 'Fleur Boutique'), 
    (5, 'Tres Chic'), 
    (6, 'La Rosa'), 
    (7, 'Mini Chic'), 
    (8, 'Oak and Pine'),
    (9, 'In The Ivy');


CREATE TABLE brand (
	brand_id INT,
	brand_name VARCHAR(40),
    PRIMARY KEY (brand_id)
) engine = InnoDB;

INSERT INTO brand
    VALUES(0, 'Adidas'),
    (1, 'Alexander McQueen'),
    (2, 'ALLSAINTS'),
    (3, 'Alpha and Omega'),
    (4, 'Belstaff'),
    (5, 'Beyond Yoga'),
    (6, 'Black Halo'),
    (7, 'Beach Riot'),
    (8, 'Calvin Klein'),
    (9, 'Champion'),
    (10, 'Coin'),
    (11, 'City Chic Plus'),
    (12, 'Chantelle'),
    (13, 'Canada Goose'),
    (14, 'Dolce Vita'),
    (15, 'DKNY'),
    (16, 'Design Dreamer'),
    (17, 'Divine Heritage'),
    (18, 'Eleven'),
    (19, 'Emporio Armani'),
    (20, 'Eileen West'),
    (21, 'Eileen Fischer'),
    (22, 'Goldie'),
    (23, 'Happy Socks'),
    (24, 'Ingrid & Isabel'),
    (25, 'Jarlo'),
    (26, 'JOA'),
    (27, 'Kenneth Cole'),
    (28, 'La Blanca'),
    (29, 'Liverpool'),
    (30, 'Marc New York'),
    (31, 'Nike'),
    (32, 'Pendleton'),
    (33, 'Sadie & Sage'),
    (34, 'The Fifth Label'),
    (35, 'Via Spiga'),
    (36, 'Wolford');

CREATE TABLE inventory_category (
	category_id INT,
	category_name VARCHAR(40),
    PRIMARY KEY (category_id)
) engine = InnoDB;

INSERT INTO inventory_category
    VALUES (0, 'Tops'),
    (1, 'Pants'),
    (2, 'Skirts'),
    (3, 'Accessories'),
    (4, 'Shoes'),
    (5, 'Jackets'),
    (6, 'Sweaters'),
    (7, 'Dresses'),
    (8, 'Active Wear'),
    (9, 'Lounge Wear');

CREATE TABLE  inventory_item(
	inventory_item_id INT,
	category_id INT,
	brand_id INT,
    PRIMARY KEY (inventory_item_id),
    FOREIGN KEY (category_id) references inventory_category (category_id),
    FOREIGN KEY (brand_id) references brand (brand_id)
) engine = InnoDB;

INSERT INTO inventory_item VALUES 
    (0, 4, 31), 
    (1, 3, 5), 
    (2, 3, 28), 
    (3, 1, 10), 
    (4, 5, 11), 
    (5, 4, 29), 
    (6, 7, 18), 
    (7, 4, 1), 
    (8, 3, 15), 
    (9, 0, 12), 
    (10, 9, 27), 
    (11, 5, 3), 
    (12, 0, 30), 
    (13, 1, 8), 
    (14, 3, 14), 
    (15, 9, 0), 
    (16, 1, 32), 
    (17, 3, 20), 
    (18, 7, 17), 
    (19, 1, 1), 
    (20, 6, 3), 
    (21, 9, 12), 
    (22, 6, 6), 
    (23, 4, 36), 
    (24, 2, 9), 
    (25, 8, 7), 
    (26, 4, 34), 
    (27, 5, 14), 
    (28, 1, 19), 
    (29, 4, 21), 
    (30, 7, 6), 
    (31, 0, 0), 
    (32, 8, 30), 
    (33, 7, 6), 
    (34, 4, 8), 
    (35, 7, 19), 
    (36, 5, 16), 
    (37, 6, 8), 
    (38, 6, 11), 
    (39, 4, 5), 
    (40, 2, 14), 
    (41, 6, 18), 
    (42, 9, 9), 
    (43, 1, 30), 
    (44, 4, 24), 
    (45, 8, 11), 
    (46, 7, 34), 
    (47, 9, 9), 
    (48, 8, 6), 
    (49, 4, 16), 
    (50, 7, 0), 
    (51, 6, 31), 
    (52, 2, 14), 
    (53, 4, 33), 
    (54, 1, 36), 
    (55, 3, 18), 
    (56, 7, 35), 
    (57, 8, 5), 
    (58, 3, 18), 
    (59, 6, 36), 
    (60, 7, 0), 
    (61, 7, 16), 
    (62, 2, 9), 
    (63, 5, 14), 
    (64, 9, 36), 
    (65, 0, 34), 
    (66, 5, 23), 
    (67, 9, 18), 
    (68, 1, 1), 
    (69, 5, 3), 
    (70, 0, 24), 
    (71, 1, 16), 
    (72, 5, 28), 
    (73, 7, 5), 
    (74, 0, 5), 
    (75, 8, 1), 
    (76, 5, 7), 
    (77, 9, 16), 
    (78, 1, 15), 
    (79, 9, 24), 
    (80, 3, 8), 
    (81, 9, 19), 
    (82, 7, 5), 
    (83, 1, 22), 
    (84, 7, 13), 
    (85, 8, 14), 
    (86, 2, 29), 
    (87, 7, 30), 
    (88, 1, 11), 
    (89, 0, 19), 
    (90, 7, 21), 
    (91, 5, 35), 
    (92, 7, 0), 
    (93, 3, 2), 
    (94, 1, 3), 
    (95, 9, 33), 
    (96, 2, 34), 
    (97, 7, 30), 
    (98, 8, 12), 
    (99, 3, 8), 
    (100, 8, 21), 
    (101, 2, 28), 
    (102, 7, 7), 
    (103, 7, 35), 
    (104, 5, 33), 
    (105, 8, 20), 
    (106, 9, 10), 
    (107, 3, 3), 
    (108, 5, 7), 
    (109, 6, 18), 
    (110, 0, 25), 
    (111, 1, 30), 
    (112, 5, 13), 
    (113, 0, 9), 
    (114, 0, 32), 
    (115, 8, 2), 
    (116, 5, 27), 
    (117, 7, 23), 
    (118, 7, 9), 
    (119, 4, 23), 
    (120, 8, 7), 
    (121, 0, 35), 
    (122, 2, 21), 
    (123, 7, 14), 
    (124, 7, 2), 
    (125, 6, 20), 
    (126, 4, 12), 
    (127, 7, 27), 
    (128, 2, 4), 
    (129, 2, 28), 
    (130, 3, 32), 
    (131, 8, 32), 
    (132, 5, 19), 
    (133, 5, 15), 
    (134, 6, 19), 
    (135, 4, 22), 
    (136, 8, 16), 
    (137, 7, 22), 
    (138, 3, 27), 
    (139, 4, 26), 
    (140, 3, 29), 
    (141, 1, 23), 
    (142, 3, 2), 
    (143, 3, 14), 
    (144, 6, 23), 
    (145, 5, 10), 
    (146, 5, 20), 
    (147, 5, 2), 
    (148, 8, 17), 
    (149, 0, 20), 
    (150, 8, 18), 
    (151, 0, 11), 
    (152, 2, 0), 
    (153, 9, 24), 
    (154, 9, 12), 
    (155, 0, 26), 
    (156, 4, 28), 
    (157, 1, 27), 
    (158, 0, 18), 
    (159, 6, 33), 
    (160, 8, 13), 
    (161, 7, 0), 
    (162, 7, 32), 
    (163, 4, 24), 
    (164, 1, 0), 
    (165, 9, 2), 
    (166, 2, 3), 
    (167, 7, 14), 
    (168, 7, 13), 
    (169, 0, 25), 
    (170, 8, 11), 
    (171, 9, 2), 
    (172, 1, 10), 
    (173, 5, 13), 
    (174, 5, 18), 
    (175, 0, 31), 
    (176, 5, 17), 
    (177, 0, 14), 
    (178, 7, 14), 
    (179, 6, 29), 
    (180, 3, 10), 
    (181, 2, 15), 
    (182, 0, 13), 
    (183, 8, 16), 
    (184, 9, 34), 
    (185, 2, 36), 
    (186, 3, 18), 
    (187, 1, 27), 
    (188, 8, 2), 
    (189, 4, 22), 
    (190, 6, 13), 
    (191, 5, 12), 
    (192, 2, 35), 
    (193, 1, 9), 
    (194, 9, 11), 
    (195, 7, 29), 
    (196, 7, 8), 
    (197, 0, 32), 
    (198, 3, 17), 
    (199, 9, 6), 
    (200, 8, 1), 
    (201, 0, 8), 
    (202, 1, 29), 
    (203, 7, 16), 
    (204, 6, 12), 
    (205, 6, 21), 
    (206, 8, 34), 
    (207, 8, 3), 
    (208, 5, 6), 
    (209, 0, 7), 
    (210, 6, 14), 
    (211, 2, 2), 
    (212, 1, 9), 
    (213, 8, 8), 
    (214, 0, 13), 
    (215, 4, 33), 
    (216, 6, 0), 
    (217, 0, 16), 
    (218, 6, 34), 
    (219, 4, 31), 
    (220, 9, 21), 
    (221, 3, 10), 
    (222, 9, 12), 
    (223, 2, 36), 
    (224, 3, 15), 
    (225, 7, 8), 
    (226, 5, 34), 
    (227, 3, 25), 
    (228, 3, 10), 
    (229, 9, 23), 
    (230, 2, 24), 
    (231, 1, 17), 
    (232, 3, 1), 
    (233, 5, 21), 
    (234, 3, 19), 
    (235, 7, 28), 
    (236, 8, 19), 
    (237, 7, 8), 
    (238, 9, 22), 
    (239, 8, 1), 
    (240, 3, 29), 
    (241, 5, 13), 
    (242, 3, 9), 
    (243, 1, 33), 
    (244, 8, 1), 
    (245, 9, 0), 
    (246, 5, 12), 
    (247, 7, 31), 
    (248, 1, 9), 
    (249, 4, 36);

CREATE TABLE  sale(
	sale_id INT,
    inventory_item_id INT,
	sale_price FLOAT (8,2),
	store_id INT,
    PRIMARY KEY (sale_id, inventory_item_id), -- changed this to (sale_id, inventory_item_id) to note buying multiple things in one transaction
    FOREIGN KEY (inventory_item_id) references inventory_item (inventory_item_id),
    FOREIGN KEY (store_id) references store(store_id)
) engine = InnoDB;

INSERT INTO sale VALUES 
    (0, 196, 45.0, 0), 
    (1, 39, 119.0, 7), 
    (2, 52, 44.0, 3), 
    (3, 161, 85.0, 7), 
    (4, 95, 31.0, 6), 
    (5, 204, 65.0, 2), 
    (6, 150, 131.0, 3), 
    (7, 49, 30.0, 8), 
    (8, 97, 104.0, 9), 
    (9, 56, 81.0, 5), 
    (10, 216, 20.0, 5), 
    (11, 137, 115.0, 8), 
    (12, 84, 75.0, 7), 
    (13, 175, 50.0, 9), 
    (14, 221, 90.0, 1), 
    (15, 116, 68.0, 3), 
    (16, 219, 74.0, 3), 
    (17, 182, 47.0, 3), 
    (18, 199, 137.0, 0), 
    (19, 60, 81.0, 4), 
    (20, 6, 68.0, 1), 
    (21, 90, 27.0, 8), 
    (22, 72, 63.0, 5), 
    (23, 60, 71.0, 5), 
    (24, 165, 137.0, 3), 
    (25, 53, 33.0, 6), 
    (26, 32, 86.0, 8), 
    (27, 126, 24.0, 6), 
    (28, 76, 77.0, 6), 
    (29, 51, 127.0, 7), 
    (30, 120, 91.0, 9), 
    (31, 29, 145.0, 2), 
    (32, 64, 93.0, 3), 
    (33, 171, 26.0, 6), 
    (34, 67, 50.0, 6), 
    (35, 172, 65.0, 1), 
    (36, 219, 24.0, 6), 
    (37, 19, 38.0, 7), 
    (38, 152, 87.0, 3), 
    (39, 20, 67.0, 6), 
    (40, 235, 121.0, 6), 
    (41, 142, 144.0, 6), 
    (42, 6, 57.0, 5), 
    (43, 52, 75.0, 5), 
    (44, 132, 98.0, 7), 
    (45, 235, 78.0, 3), 
    (46, 234, 22.0, 8), 
    (47, 191, 21.0, 9), 
    (48, 4, 85.0, 7), 
    (49, 126, 34.0, 7), 
    (50, 53, 129.0, 3), 
    (51, 34, 126.0, 5), 
    (52, 5, 53.0, 4), 
    (53, 192, 57.0, 6), 
    (54, 23, 76.0, 2), 
    (55, 67, 94.0, 3), 
    (56, 147, 147.0, 0), 
    (57, 64, 130.0, 0), 
    (58, 142, 127.0, 1), 
    (59, 90, 149.0, 3), 
    (60, 230, 126.0, 9), 
    (61, 173, 126.0, 0), 
    (62, 65, 104.0, 6), 
    (63, 249, 134.0, 8), 
    (64, 210, 46.0, 2), 
    (65, 178, 142.0, 4), 
    (66, 69, 104.0, 8), 
    (67, 106, 44.0, 7), 
    (68, 244, 74.0, 4), 
    (69, 97, 34.0, 2), 
    (70, 148, 91.0, 7), 
    (71, 171, 140.0, 5), 
    (72, 184, 107.0, 3), 
    (73, 182, 81.0, 1), 
    (74, 88, 98.0, 9), 
    (75, 30, 70.0, 5), 
    (76, 248, 60.0, 4), 
    (77, 183, 141.0, 0), 
    (78, 125, 127.0, 4), 
    (79, 124, 142.0, 6), 
    (80, 170, 67.0, 3), 
    (81, 124, 62.0, 7), 
    (82, 122, 110.0, 7), 
    (83, 102, 53.0, 8), 
    (84, 53, 40.0, 4), 
    (85, 56, 58.0, 5), 
    (86, 79, 66.0, 1), 
    (87, 210, 134.0, 1), 
    (88, 132, 150.0, 0), 
    (89, 109, 131.0, 7), 
    (90, 214, 68.0, 9), 
    (91, 38, 77.0, 6), 
    (92, 240, 104.0, 2), 
    (93, 84, 25.0, 8), 
    (94, 45, 62.0, 2), 
    (95, 124, 20.0, 6), 
    (96, 133, 137.0, 8), 
    (97, 220, 142.0, 0), 
    (98, 163, 105.0, 0), 
    (99, 143, 98.0, 6), 
    (100, 53, 127.0, 2), 
    (101, 237, 108.0, 1), 
    (102, 120, 96.0, 4), 
    (103, 205, 38.0, 8), 
    (104, 29, 35.0, 5), 
    (105, 24, 75.0, 8), 
    (106, 129, 74.0, 8), 
    (107, 204, 117.0, 9), 
    (108, 77, 41.0, 0), 
    (109, 92, 93.0, 8), 
    (110, 178, 43.0, 1), 
    (111, 100, 100.0, 0), 
    (112, 221, 41.0, 1), 
    (113, 206, 45.0, 4), 
    (114, 234, 137.0, 9), 
    (115, 32, 58.0, 4), 
    (116, 37, 142.0, 8), 
    (117, 31, 96.0, 3), 
    (118, 106, 68.0, 5), 
    (119, 239, 77.0, 2), 
    (120, 95, 43.0, 5), 
    (121, 180, 52.0, 5), 
    (122, 102, 91.0, 9), 
    (123, 173, 115.0, 5), 
    (124, 203, 68.0, 3), 
    (125, 85, 131.0, 3), 
    (126, 112, 125.0, 0), 
    (127, 67, 89.0, 3), 
    (128, 107, 109.0, 4), 
    (129, 22, 27.0, 8), 
    (130, 222, 41.0, 5), 
    (131, 131, 136.0, 4), 
    (132, 154, 102.0, 3), 
    (133, 37, 37.0, 1), 
    (134, 221, 99.0, 9), 
    (135, 157, 134.0, 9), 
    (136, 16, 38.0, 4), 
    (137, 96, 83.0, 6), 
    (138, 166, 110.0, 8), 
    (139, 117, 110.0, 3), 
    (140, 152, 105.0, 3), 
    (141, 201, 129.0, 1), 
    (142, 27, 38.0, 4), 
    (143, 83, 37.0, 2), 
    (144, 64, 26.0, 8), 
    (145, 59, 93.0, 2), 
    (146, 148, 143.0, 2), 
    (147, 63, 20.0, 6), 
    (148, 202, 25.0, 3), 
    (149, 142, 61.0, 9), 
    (150, 96, 136.0, 5), 
    (151, 106, 104.0, 0), 
    (152, 119, 30.0, 5), 
    (153, 165, 61.0, 0), 
    (154, 100, 113.0, 3), 
    (155, 246, 106.0, 4), 
    (156, 164, 38.0, 8), 
    (157, 90, 113.0, 3), 
    (158, 237, 56.0, 2), 
    (159, 148, 80.0, 1), 
    (160, 171, 49.0, 2), 
    (161, 242, 22.0, 9), 
    (162, 137, 150.0, 4), 
    (163, 61, 97.0, 4), 
    (164, 249, 65.0, 7), 
    (165, 37, 150.0, 8), 
    (166, 12, 30.0, 9), 
    (167, 163, 116.0, 6), 
    (168, 237, 138.0, 3), 
    (169, 54, 63.0, 4), 
    (170, 125, 102.0, 1), 
    (171, 179, 143.0, 7), 
    (172, 193, 76.0, 2), 
    (173, 221, 91.0, 2), 
    (174, 140, 117.0, 7), 
    (175, 204, 56.0, 3), 
    (176, 40, 46.0, 2), 
    (177, 29, 36.0, 9), 
    (178, 59, 145.0, 8), 
    (179, 148, 43.0, 6), 
    (180, 247, 150.0, 1), 
    (181, 134, 43.0, 4), 
    (182, 53, 58.0, 2), 
    (183, 47, 143.0, 7), 
    (184, 171, 49.0, 9), 
    (185, 3, 73.0, 8), 
    (186, 238, 61.0, 3), 
    (187, 126, 116.0, 2), 
    (188, 123, 76.0, 7), 
    (189, 31, 34.0, 9), 
    (190, 126, 28.0, 4), 
    (191, 47, 49.0, 3), 
    (192, 180, 100.0, 0), 
    (193, 115, 41.0, 5), 
    (194, 68, 95.0, 2), 
    (195, 143, 67.0, 4), 
    (196, 158, 49.0, 4), 
    (197, 160, 68.0, 9), 
    (198, 53, 53.0, 9), 
    (199, 127, 70.0, 9), 
    (200, 28, 74.0, 9), 
    (201, 148, 104.0, 8), 
    (202, 47, 97.0, 0), 
    (203, 173, 56.0, 2), 
    (204, 219, 143.0, 3), 
    (205, 146, 59.0, 0), 
    (206, 147, 23.0, 6), 
    (207, 98, 119.0, 4), 
    (208, 186, 68.0, 8), 
    (209, 196, 61.0, 5), 
    (210, 139, 136.0, 1), 
    (211, 84, 47.0, 9), 
    (212, 140, 133.0, 4), 
    (213, 134, 102.0, 8), 
    (214, 245, 109.0, 6), 
    (215, 11, 83.0, 8), 
    (216, 128, 92.0, 0), 
    (217, 0, 118.0, 2), 
    (218, 34, 67.0, 7), 
    (219, 61, 79.0, 1), 
    (220, 116, 90.0, 9), 
    (221, 132, 94.0, 7), 
    (222, 244, 62.0, 7), 
    (223, 83, 21.0, 4), 
    (224, 113, 34.0, 9), 
    (225, 117, 48.0, 9), 
    (226, 202, 116.0, 9), 
    (227, 167, 80.0, 4), 
    (228, 11, 105.0, 9), 
    (229, 138, 94.0, 2), 
    (230, 112, 73.0, 3), 
    (231, 105, 74.0, 6), 
    (232, 7, 83.0, 8), 
    (233, 63, 63.0, 1), 
    (234, 42, 48.0, 0), 
    (235, 222, 145.0, 4), 
    (236, 161, 138.0, 2), 
    (237, 124, 71.0, 6), 
    (238, 129, 119.0, 0), 
    (239, 212, 117.0, 4), 
    (240, 117, 46.0, 7), 
    (241, 0, 105.0, 7), 
    (242, 36, 86.0, 5), 
    (243, 179, 150.0, 2), 
    (244, 232, 138.0, 9), 
    (245, 225, 43.0, 6), 
    (246, 1, 100.0, 6), 
    (247, 125, 111.0, 4), 
    (248, 215, 71.0, 2), 
    (249, 208, 24.0, 9), 
    (250, 179, 114.0, 7), 
    (251, 215, 92.0, 8), 
    (252, 78, 141.0, 4), 
    (253, 98, 120.0, 8), 
    (254, 247, 115.0, 0), 
    (255, 39, 96.0, 2), 
    (256, 208, 127.0, 3), 
    (257, 196, 81.0, 1), 
    (258, 146, 149.0, 0), 
    (259, 147, 150.0, 1), 
    (260, 190, 68.0, 9), 
    (261, 241, 144.0, 0), 
    (262, 75, 96.0, 0), 
    (263, 81, 70.0, 3), 
    (264, 177, 109.0, 2), 
    (265, 3, 125.0, 5), 
    (266, 235, 64.0, 4), 
    (267, 209, 68.0, 1), 
    (268, 226, 43.0, 1), 
    (269, 135, 138.0, 6), 
    (270, 16, 134.0, 3), 
    (271, 6, 143.0, 5), 
    (272, 135, 120.0, 0), 
    (273, 100, 132.0, 1), 
    (274, 53, 138.0, 6), 
    (275, 112, 90.0, 7), 
    (276, 215, 102.0, 8), 
    (277, 111, 104.0, 9), 
    (278, 124, 78.0, 9), 
    (279, 94, 96.0, 9), 
    (280, 109, 37.0, 8), 
    (281, 4, 49.0, 7), 
    (282, 129, 37.0, 3), 
    (283, 208, 102.0, 1), 
    (284, 64, 128.0, 1), 
    (285, 108, 101.0, 6), 
    (286, 218, 37.0, 5), 
    (287, 222, 138.0, 7), 
    (288, 91, 21.0, 0), 
    (289, 74, 79.0, 9), 
    (290, 126, 51.0, 0), 
    (291, 18, 79.0, 1), 
    (292, 217, 72.0, 8), 
    (293, 189, 115.0, 1), 
    (294, 134, 127.0, 3), 
    (295, 62, 78.0, 3), 
    (296, 75, 150.0, 5), 
    (297, 117, 30.0, 6), 
    (298, 104, 96.0, 2), 
    (299, 218, 52.0, 3), 
    (300, 120, 39.0, 9), 
    (301, 59, 102.0, 0), 
    (302, 58, 20.0, 7), 
    (303, 206, 85.0, 4), 
    (304, 173, 92.0, 7), 
    (305, 79, 43.0, 9), 
    (306, 154, 91.0, 2), 
    (307, 120, 89.0, 1), 
    (308, 64, 79.0, 5), 
    (309, 239, 23.0, 0), 
    (310, 24, 23.0, 9), 
    (311, 167, 91.0, 3), 
    (312, 53, 120.0, 7), 
    (313, 5, 99.0, 2), 
    (314, 141, 50.0, 5), 
    (315, 180, 109.0, 0), 
    (316, 90, 102.0, 0), 
    (317, 103, 87.0, 6), 
    (318, 163, 47.0, 8), 
    (319, 204, 107.0, 8), 
    (320, 118, 143.0, 5), 
    (321, 23, 130.0, 0), 
    (322, 161, 124.0, 4), 
    (323, 204, 47.0, 0), 
    (324, 218, 40.0, 9), 
    (325, 141, 118.0, 9), 
    (326, 25, 62.0, 0), 
    (327, 32, 79.0, 5), 
    (328, 109, 125.0, 0), 
    (329, 4, 118.0, 4), 
    (330, 22, 98.0, 6), 
    (331, 227, 94.0, 8), 
    (332, 106, 109.0, 3), 
    (333, 117, 142.0, 5), 
    (334, 40, 77.0, 6), 
    (335, 3, 62.0, 4), 
    (336, 30, 111.0, 2), 
    (337, 31, 125.0, 1), 
    (338, 81, 30.0, 5), 
    (339, 51, 122.0, 7), 
    (340, 180, 64.0, 2), 
    (341, 53, 61.0, 9), 
    (342, 197, 133.0, 1), 
    (343, 175, 145.0, 9), 
    (344, 19, 140.0, 2), 
    (345, 85, 83.0, 6), 
    (346, 240, 43.0, 1), 
    (347, 77, 110.0, 9), 
    (348, 194, 83.0, 0), 
    (349, 33, 90.0, 1), 
    (350, 185, 123.0, 9), 
    (351, 2, 127.0, 2), 
    (352, 89, 68.0, 8), 
    (353, 127, 68.0, 4), 
    (354, 176, 41.0, 4), 
    (355, 236, 77.0, 6), 
    (356, 146, 80.0, 9), 
    (357, 235, 25.0, 9), 
    (358, 110, 59.0, 8), 
    (359, 86, 64.0, 8), 
    (360, 98, 27.0, 0), 
    (361, 245, 105.0, 2), 
    (362, 217, 22.0, 2), 
    (363, 217, 98.0, 1), 
    (364, 196, 20.0, 1), 
    (365, 127, 28.0, 8), 
    (366, 231, 35.0, 5), 
    (367, 73, 106.0, 3), 
    (368, 169, 50.0, 9), 
    (369, 37, 128.0, 6), 
    (370, 245, 136.0, 8), 
    (371, 179, 60.0, 9), 
    (372, 42, 90.0, 6), 
    (373, 68, 77.0, 0), 
    (374, 204, 46.0, 4), 
    (375, 142, 41.0, 4), 
    (376, 116, 77.0, 3), 
    (377, 69, 43.0, 4), 
    (378, 123, 94.0, 1), 
    (379, 128, 47.0, 3), 
    (380, 16, 60.0, 6), 
    (381, 179, 135.0, 3), 
    (382, 152, 31.0, 6), 
    (383, 21, 130.0, 3), 
    (384, 179, 36.0, 5), 
    (385, 222, 61.0, 1), 
    (386, 151, 98.0, 6), 
    (387, 178, 105.0, 3), 
    (388, 72, 50.0, 0), 
    (389, 21, 131.0, 7), 
    (390, 166, 132.0, 2), 
    (391, 42, 69.0, 2), 
    (392, 84, 46.0, 6), 
    (393, 24, 65.0, 8), 
    (394, 203, 40.0, 1), 
    (395, 200, 52.0, 4), 
    (396, 77, 136.0, 6), 
    (397, 117, 31.0, 0), 
    (398, 55, 68.0, 4), 
    (399, 95, 118.0, 6), 
    (400, 196, 70.0, 6), 
    (401, 170, 112.0, 3), 
    (402, 68, 39.0, 2), 
    (403, 19, 36.0, 9), 
    (404, 203, 20.0, 8), 
    (405, 151, 27.0, 6), 
    (406, 114, 136.0, 1), 
    (407, 175, 132.0, 7), 
    (408, 219, 143.0, 1), 
    (409, 59, 104.0, 3), 
    (410, 112, 113.0, 0), 
    (411, 68, 34.0, 8), 
    (412, 143, 102.0, 1), 
    (413, 118, 144.0, 0), 
    (414, 6, 104.0, 0), 
    (415, 101, 140.0, 3), 
    (416, 235, 81.0, 4), 
    (417, 243, 56.0, 1), 
    (418, 193, 47.0, 0), 
    (419, 20, 119.0, 6), 
    (420, 126, 92.0, 4), 
    (421, 119, 98.0, 0), 
    (422, 140, 90.0, 4), 
    (423, 237, 117.0, 3), 
    (424, 182, 140.0, 2), 
    (425, 219, 47.0, 5), 
    (426, 209, 144.0, 7), 
    (427, 28, 113.0, 7), 
    (428, 232, 133.0, 7), 
    (429, 133, 26.0, 3), 
    (430, 224, 103.0, 4), 
    (431, 212, 127.0, 5), 
    (432, 149, 69.0, 4), 
    (433, 73, 81.0, 5), 
    (434, 230, 109.0, 0), 
    (435, 78, 46.0, 5), 
    (436, 5, 72.0, 5), 
    (437, 14, 97.0, 1), 
    (438, 131, 64.0, 8), 
    (439, 113, 30.0, 3), 
    (440, 41, 86.0, 4), 
    (441, 106, 105.0, 5), 
    (442, 201, 95.0, 4), 
    (443, 51, 90.0, 5), 
    (444, 246, 73.0, 2), 
    (445, 57, 78.0, 4), 
    (446, 110, 81.0, 4), 
    (447, 16, 47.0, 5), 
    (448, 189, 133.0, 1), 
    (449, 106, 92.0, 2), 
    (450, 69, 136.0, 9), 
    (451, 202, 138.0, 2), 
    (452, 125, 141.0, 9), 
    (453, 47, 34.0, 8), 
    (454, 219, 114.0, 8), 
    (455, 180, 123.0, 7), 
    (456, 128, 147.0, 1), 
    (457, 231, 62.0, 3), 
    (458, 201, 44.0, 8), 
    (459, 238, 130.0, 8), 
    (460, 198, 123.0, 8), 
    (461, 131, 65.0, 9), 
    (462, 1, 23.0, 5), 
    (463, 129, 70.0, 4), 
    (464, 104, 68.0, 0), 
    (465, 17, 28.0, 1), 
    (466, 177, 83.0, 5), 
    (467, 51, 114.0, 0), 
    (468, 171, 96.0, 6), 
    (469, 13, 44.0, 7), 
    (470, 30, 43.0, 1), 
    (471, 147, 37.0, 4), 
    (472, 114, 58.0, 9), 
    (473, 96, 61.0, 5), 
    (474, 136, 132.0, 2), 
    (475, 103, 126.0, 0), 
    (476, 227, 59.0, 1), 
    (477, 8, 133.0, 5), 
    (478, 82, 67.0, 4), 
    (479, 189, 40.0, 3), 
    (480, 109, 136.0, 3), 
    (481, 174, 77.0, 8), 
    (482, 31, 92.0, 6), 
    (483, 228, 50.0, 3), 
    (484, 150, 79.0, 3), 
    (485, 79, 119.0, 1), 
    (486, 152, 140.0, 0), 
    (487, 165, 132.0, 1), 
    (488, 72, 125.0, 4), 
    (489, 215, 82.0, 4), 
    (490, 30, 88.0, 8), 
    (491, 219, 27.0, 5), 
    (492, 13, 44.0, 5), 
    (493, 241, 87.0, 2), 
    (494, 185, 119.0, 6), 
    (495, 59, 23.0, 6), 
    (496, 140, 111.0, 6), 
    (497, 27, 113.0, 8), 
    (498, 243, 25.0, 0), 
    (499, 112, 33.0, 1), 
    (500, 69, 129.0, 4), 
    (501, 136, 75.0, 4), 
    (502, 228, 71.0, 5), 
    (503, 223, 94.0, 0), 
    (504, 113, 62.0, 9), 
    (505, 68, 113.0, 6), 
    (506, 3, 100.0, 7), 
    (507, 157, 104.0, 7), 
    (508, 157, 41.0, 6), 
    (509, 195, 32.0, 4), 
    (510, 57, 49.0, 8), 
    (511, 33, 23.0, 3), 
    (512, 162, 57.0, 4), 
    (513, 76, 29.0, 4), 
    (514, 141, 85.0, 1), 
    (515, 52, 99.0, 4), 
    (516, 216, 66.0, 0), 
    (517, 247, 89.0, 5), 
    (518, 186, 107.0, 3), 
    (519, 137, 143.0, 7), 
    (520, 114, 118.0, 4), 
    (521, 131, 31.0, 3), 
    (522, 93, 25.0, 2), 
    (523, 167, 45.0, 5), 
    (524, 130, 130.0, 1), 
    (525, 195, 79.0, 7), 
    (526, 225, 113.0, 9), 
    (527, 96, 116.0, 0), 
    (528, 158, 56.0, 7), 
    (529, 132, 134.0, 9), 
    (530, 26, 98.0, 2), 
    (531, 178, 82.0, 0), 
    (532, 168, 136.0, 7), 
    (533, 86, 54.0, 6), 
    (534, 26, 68.0, 2), 
    (535, 181, 37.0, 7), 
    (536, 200, 39.0, 9), 
    (537, 43, 66.0, 5), 
    (538, 144, 99.0, 6), 
    (539, 154, 24.0, 7), 
    (540, 187, 78.0, 9), 
    (541, 3, 33.0, 2), 
    (542, 106, 96.0, 5), 
    (543, 65, 23.0, 4), 
    (544, 219, 100.0, 4), 
    (545, 44, 39.0, 7), 
    (546, 145, 63.0, 0), 
    (547, 141, 74.0, 3), 
    (548, 121, 121.0, 0), 
    (549, 199, 43.0, 2), 
    (550, 158, 146.0, 5), 
    (551, 75, 67.0, 5), 
    (552, 114, 78.0, 4), 
    (553, 15, 79.0, 0), 
    (554, 182, 31.0, 5), 
    (555, 30, 88.0, 8), 
    (556, 137, 45.0, 7), 
    (557, 98, 105.0, 2), 
    (558, 159, 138.0, 6), 
    (559, 74, 124.0, 7), 
    (560, 141, 124.0, 1), 
    (561, 81, 128.0, 6), 
    (562, 96, 79.0, 7), 
    (563, 48, 91.0, 6), 
    (564, 23, 68.0, 7), 
    (565, 217, 101.0, 5), 
    (566, 3, 37.0, 4), 
    (567, 165, 69.0, 4), 
    (568, 145, 146.0, 3), 
    (569, 120, 54.0, 5), 
    (570, 151, 142.0, 1), 
    (571, 184, 52.0, 3), 
    (572, 146, 95.0, 6), 
    (573, 169, 81.0, 9), 
    (574, 135, 90.0, 4), 
    (575, 44, 135.0, 8), 
    (576, 13, 39.0, 6), 
    (577, 63, 146.0, 5), 
    (578, 147, 60.0, 5), 
    (579, 22, 95.0, 1), 
    (580, 183, 111.0, 0), 
    (581, 243, 83.0, 3), 
    (582, 64, 83.0, 8), 
    (583, 36, 65.0, 7), 
    (584, 60, 66.0, 3), 
    (585, 137, 103.0, 9), 
    (586, 145, 121.0, 5), 
    (587, 58, 144.0, 5), 
    (588, 121, 37.0, 6), 
    (589, 156, 85.0, 6), 
    (590, 147, 73.0, 1), 
    (591, 104, 133.0, 4), 
    (592, 25, 62.0, 6), 
    (593, 106, 107.0, 5), 
    (594, 199, 20.0, 0), 
    (595, 153, 148.0, 4), 
    (596, 47, 146.0, 4), 
    (597, 221, 45.0, 5), 
    (598, 108, 111.0, 7), 
    (599, 201, 51.0, 8), 
    (600, 223, 28.0, 4), 
    (601, 164, 86.0, 6), 
    (602, 188, 65.0, 8), 
    (603, 129, 55.0, 4), 
    (604, 243, 136.0, 4), 
    (605, 131, 133.0, 8), 
    (606, 10, 81.0, 6), 
    (607, 170, 93.0, 0), 
    (608, 25, 111.0, 0), 
    (609, 52, 40.0, 6), 
    (610, 161, 62.0, 7), 
    (611, 223, 52.0, 1), 
    (612, 226, 118.0, 8), 
    (613, 159, 113.0, 9), 
    (614, 44, 126.0, 5), 
    (615, 224, 142.0, 0), 
    (616, 233, 38.0, 8), 
    (617, 214, 107.0, 1), 
    (618, 165, 53.0, 8), 
    (619, 39, 54.0, 8), 
    (620, 131, 88.0, 8), 
    (621, 82, 71.0, 2), 
    (622, 130, 104.0, 6), 
    (623, 109, 117.0, 8), 
    (624, 49, 130.0, 8), 
    (625, 196, 48.0, 6), 
    (626, 155, 97.0, 7), 
    (627, 177, 36.0, 9), 
    (628, 109, 93.0, 9), 
    (629, 7, 118.0, 4), 
    (630, 73, 122.0, 7), 
    (631, 168, 20.0, 8), 
    (632, 183, 34.0, 0), 
    (633, 228, 72.0, 5), 
    (634, 155, 103.0, 7), 
    (635, 205, 115.0, 0), 
    (636, 237, 117.0, 8), 
    (637, 198, 149.0, 2), 
    (638, 19, 123.0, 0), 
    (639, 114, 95.0, 5), 
    (640, 204, 88.0, 4), 
    (641, 149, 72.0, 4), 
    (642, 99, 121.0, 6), 
    (643, 61, 105.0, 0), 
    (644, 118, 77.0, 8), 
    (645, 215, 147.0, 4), 
    (646, 12, 20.0, 9), 
    (647, 59, 38.0, 9), 
    (648, 174, 94.0, 6), 
    (649, 124, 89.0, 6), 
    (650, 179, 89.0, 3), 
    (651, 49, 114.0, 2), 
    (652, 57, 101.0, 6), 
    (653, 6, 24.0, 0), 
    (654, 141, 80.0, 8), 
    (655, 224, 103.0, 6), 
    (656, 215, 46.0, 6), 
    (657, 201, 132.0, 6), 
    (658, 112, 150.0, 3), 
    (659, 124, 137.0, 2), 
    (660, 171, 143.0, 5), 
    (661, 117, 27.0, 5), 
    (662, 50, 136.0, 1), 
    (663, 240, 143.0, 6), 
    (664, 98, 100.0, 3), 
    (665, 118, 59.0, 0), 
    (666, 241, 134.0, 8), 
    (667, 126, 48.0, 6), 
    (668, 15, 99.0, 8), 
    (669, 193, 71.0, 4), 
    (670, 98, 24.0, 7), 
    (671, 105, 143.0, 7), 
    (672, 54, 67.0, 2), 
    (673, 169, 99.0, 9), 
    (674, 218, 50.0, 3), 
    (675, 12, 148.0, 3), 
    (676, 111, 53.0, 7), 
    (677, 163, 136.0, 3), 
    (678, 133, 21.0, 9), 
    (679, 220, 139.0, 2), 
    (680, 42, 150.0, 5), 
    (681, 200, 122.0, 2), 
    (682, 141, 146.0, 0), 
    (683, 243, 150.0, 5), 
    (684, 91, 65.0, 4), 
    (685, 14, 49.0, 6), 
    (686, 205, 70.0, 9), 
    (687, 214, 111.0, 9), 
    (688, 107, 42.0, 3), 
    (689, 65, 74.0, 2), 
    (690, 46, 48.0, 9), 
    (691, 245, 46.0, 9), 
    (692, 8, 38.0, 7), 
    (693, 237, 57.0, 2), 
    (694, 61, 105.0, 7), 
    (695, 175, 85.0, 8), 
    (696, 88, 150.0, 1), 
    (697, 60, 26.0, 8), 
    (698, 36, 69.0, 6), 
    (699, 123, 23.0, 5), 
    (700, 142, 67.0, 2), 
    (701, 4, 94.0, 9), 
    (702, 189, 40.0, 2), 
    (703, 79, 129.0, 3), 
    (704, 144, 148.0, 1), 
    (705, 68, 133.0, 8), 
    (706, 105, 23.0, 1), 
    (707, 108, 137.0, 7), 
    (708, 15, 22.0, 1), 
    (709, 46, 28.0, 9), 
    (710, 134, 133.0, 6), 
    (711, 43, 90.0, 7), 
    (712, 18, 65.0, 2), 
    (713, 14, 45.0, 3), 
    (714, 100, 81.0, 8), 
    (715, 68, 149.0, 1), 
    (716, 44, 142.0, 4), 
    (717, 213, 108.0, 8), 
    (718, 18, 24.0, 1), 
    (719, 34, 74.0, 8), 
    (720, 211, 49.0, 7), 
    (721, 189, 27.0, 5), 
    (722, 86, 44.0, 1), 
    (723, 142, 135.0, 2), 
    (724, 165, 104.0, 3), 
    (725, 91, 143.0, 7), 
    (726, 63, 21.0, 3), 
    (727, 98, 53.0, 6), 
    (728, 146, 95.0, 3), 
    (729, 111, 110.0, 3), 
    (730, 90, 57.0, 2), 
    (731, 76, 95.0, 0), 
    (732, 218, 122.0, 9), 
    (733, 190, 109.0, 9), 
    (734, 180, 87.0, 3), 
    (735, 158, 89.0, 1), 
    (736, 93, 140.0, 7), 
    (737, 86, 78.0, 4), 
    (738, 243, 142.0, 2), 
    (739, 101, 112.0, 4), 
    (740, 246, 109.0, 0), 
    (741, 197, 69.0, 5), 
    (742, 45, 95.0, 9), 
    (743, 130, 148.0, 0), 
    (744, 52, 138.0, 1), 
    (745, 219, 141.0, 3), 
    (746, 47, 43.0, 3), 
    (747, 226, 74.0, 7), 
    (748, 91, 29.0, 2), 
    (749, 226, 108.0, 4), 
    (750, 96, 88.0, 5), 
    (751, 187, 44.0, 8), 
    (752, 9, 74.0, 3), 
    (753, 92, 91.0, 8), 
    (754, 55, 42.0, 4), 
    (755, 229, 97.0, 4), 
    (756, 151, 141.0, 7), 
    (757, 78, 40.0, 4), 
    (758, 29, 62.0, 5), 
    (759, 168, 133.0, 3), 
    (760, 237, 36.0, 7), 
    (761, 236, 55.0, 9), 
    (762, 222, 64.0, 2), 
    (763, 232, 133.0, 4), 
    (764, 102, 68.0, 2), 
    (765, 117, 55.0, 6), 
    (766, 199, 65.0, 6), 
    (767, 15, 82.0, 9), 
    (768, 159, 107.0, 5), 
    (769, 88, 96.0, 8), 
    (770, 127, 128.0, 9), 
    (771, 167, 60.0, 5), 
    (772, 81, 94.0, 8), 
    (773, 139, 31.0, 5), 
    (774, 162, 48.0, 1), 
    (775, 157, 116.0, 6), 
    (776, 237, 44.0, 5), 
    (777, 180, 148.0, 4), 
    (778, 161, 87.0, 5), 
    (779, 134, 95.0, 9), 
    (780, 134, 70.0, 0), 
    (781, 108, 89.0, 1), 
    (782, 243, 105.0, 6), 
    (783, 223, 75.0, 2), 
    (784, 88, 94.0, 1), 
    (785, 81, 34.0, 8), 
    (786, 116, 51.0, 0), 
    (787, 60, 40.0, 4), 
    (788, 144, 75.0, 0), 
    (789, 226, 148.0, 6), 
    (790, 74, 40.0, 3), 
    (791, 127, 109.0, 6), 
    (792, 153, 114.0, 5), 
    (793, 185, 142.0, 6), 
    (794, 3, 104.0, 3), 
    (795, 231, 135.0, 9), 
    (796, 55, 44.0, 1), 
    (797, 219, 149.0, 9), 
    (798, 84, 119.0, 8), 
    (799, 203, 144.0, 5), 
    (800, 4, 105.0, 0), 
    (801, 231, 133.0, 8), 
    (802, 151, 111.0, 5), 
    (803, 11, 26.0, 5), 
    (804, 173, 137.0, 6), 
    (805, 223, 47.0, 8), 
    (806, 170, 115.0, 6), 
    (807, 91, 97.0, 5), 
    (808, 113, 135.0, 2), 
    (809, 67, 103.0, 1), 
    (810, 17, 91.0, 4), 
    (811, 167, 59.0, 8), 
    (812, 247, 60.0, 8), 
    (813, 122, 119.0, 6), 
    (814, 51, 37.0, 3), 
    (815, 7, 100.0, 9), 
    (816, 225, 69.0, 8), 
    (817, 236, 41.0, 8), 
    (818, 1, 150.0, 2), 
    (819, 238, 89.0, 3), 
    (820, 112, 34.0, 0), 
    (821, 224, 38.0, 9), 
    (822, 5, 32.0, 6), 
    (823, 221, 51.0, 1), 
    (824, 10, 33.0, 6), 
    (825, 62, 23.0, 3), 
    (826, 192, 148.0, 8), 
    (827, 154, 129.0, 2), 
    (828, 200, 84.0, 3), 
    (829, 4, 52.0, 7), 
    (830, 230, 117.0, 3), 
    (831, 221, 86.0, 3), 
    (832, 162, 140.0, 7), 
    (833, 98, 120.0, 5), 
    (834, 56, 118.0, 3), 
    (835, 28, 27.0, 3), 
    (836, 177, 140.0, 5), 
    (837, 163, 76.0, 3), 
    (838, 215, 49.0, 7), 
    (839, 218, 42.0, 7), 
    (840, 233, 40.0, 3), 
    (841, 209, 78.0, 6), 
    (842, 161, 84.0, 0), 
    (843, 89, 78.0, 6), 
    (844, 134, 134.0, 4), 
    (845, 213, 86.0, 7), 
    (846, 175, 149.0, 8), 
    (847, 245, 29.0, 7), 
    (848, 70, 58.0, 0), 
    (849, 170, 50.0, 9), 
    (850, 129, 114.0, 8), 
    (851, 126, 129.0, 5), 
    (852, 215, 130.0, 6), 
    (853, 172, 96.0, 6), 
    (854, 68, 147.0, 0), 
    (855, 33, 58.0, 8), 
    (856, 5, 77.0, 0), 
    (857, 239, 145.0, 7), 
    (858, 180, 93.0, 7), 
    (859, 228, 134.0, 8), 
    (860, 24, 110.0, 1), 
    (861, 180, 64.0, 5), 
    (862, 66, 105.0, 5), 
    (863, 204, 70.0, 0), 
    (864, 46, 67.0, 6), 
    (865, 199, 81.0, 5), 
    (866, 178, 138.0, 3), 
    (867, 73, 137.0, 9), 
    (868, 34, 44.0, 0), 
    (869, 225, 33.0, 0), 
    (870, 25, 41.0, 7), 
    (871, 200, 23.0, 3), 
    (872, 34, 113.0, 7), 
    (873, 128, 40.0, 7), 
    (874, 154, 94.0, 6), 
    (875, 78, 102.0, 8), 
    (876, 27, 70.0, 4), 
    (877, 145, 132.0, 9), 
    (878, 44, 115.0, 3), 
    (879, 65, 55.0, 5), 
    (880, 208, 136.0, 7), 
    (881, 219, 111.0, 6), 
    (882, 160, 56.0, 6), 
    (883, 118, 28.0, 9), 
    (884, 218, 124.0, 8), 
    (885, 133, 28.0, 0), 
    (886, 196, 27.0, 7), 
    (887, 54, 73.0, 3), 
    (888, 232, 66.0, 5), 
    (889, 107, 31.0, 8), 
    (890, 30, 26.0, 8), 
    (891, 120, 65.0, 6), 
    (892, 121, 56.0, 8), 
    (893, 75, 87.0, 7), 
    (894, 44, 146.0, 1), 
    (895, 10, 112.0, 0), 
    (896, 223, 92.0, 9), 
    (897, 140, 150.0, 2), 
    (898, 113, 144.0, 7), 
    (899, 49, 84.0, 0), 
    (900, 83, 150.0, 4), 
    (901, 157, 65.0, 6), 
    (902, 128, 139.0, 9), 
    (903, 139, 47.0, 9), 
    (904, 137, 52.0, 6), 
    (905, 108, 51.0, 7), 
    (906, 25, 129.0, 1), 
    (907, 46, 26.0, 4), 
    (908, 170, 137.0, 7), 
    (909, 222, 41.0, 6), 
    (910, 6, 60.0, 8), 
    (911, 167, 66.0, 8), 
    (912, 206, 87.0, 7), 
    (913, 60, 127.0, 3), 
    (914, 84, 71.0, 6), 
    (915, 20, 91.0, 4), 
    (916, 56, 66.0, 0), 
    (917, 230, 64.0, 2), 
    (918, 5, 75.0, 9), 
    (919, 173, 115.0, 5), 
    (920, 231, 23.0, 1), 
    (921, 122, 70.0, 1), 
    (922, 150, 139.0, 0), 
    (923, 69, 142.0, 7), 
    (924, 178, 122.0, 8), 
    (925, 53, 115.0, 9), 
    (926, 246, 47.0, 7), 
    (927, 194, 71.0, 7), 
    (928, 190, 83.0, 7), 
    (929, 199, 128.0, 2), 
    (930, 78, 144.0, 7), 
    (931, 233, 147.0, 7), 
    (932, 18, 124.0, 9), 
    (933, 151, 69.0, 6), 
    (934, 196, 36.0, 6), 
    (935, 11, 70.0, 1), 
    (936, 193, 128.0, 6), 
    (937, 119, 139.0, 7), 
    (938, 57, 64.0, 7), 
    (939, 207, 120.0, 2), 
    (940, 208, 63.0, 7), 
    (941, 14, 82.0, 1), 
    (942, 41, 65.0, 5), 
    (943, 100, 66.0, 1), 
    (944, 5, 132.0, 7), 
    (945, 1, 134.0, 7), 
    (946, 230, 103.0, 6), 
    (947, 206, 80.0, 6), 
    (948, 198, 114.0, 2), 
    (949, 193, 117.0, 9), 
    (950, 231, 143.0, 7), 
    (951, 194, 29.0, 4), 
    (952, 108, 97.0, 5), 
    (953, 215, 65.0, 4), 
    (954, 18, 107.0, 8), 
    (955, 105, 126.0, 0), 
    (956, 102, 70.0, 3), 
    (957, 191, 129.0, 7), 
    (958, 130, 32.0, 0), 
    (959, 117, 50.0, 2), 
    (960, 120, 116.0, 9), 
    (961, 182, 42.0, 5), 
    (962, 0, 61.0, 0), 
    (963, 187, 89.0, 8), 
    (964, 124, 53.0, 6), 
    (965, 164, 145.0, 2), 
    (966, 33, 118.0, 1), 
    (967, 65, 87.0, 7), 
    (968, 115, 74.0, 8), 
    (969, 78, 135.0, 2), 
    (970, 92, 24.0, 9), 
    (971, 10, 88.0, 1), 
    (972, 114, 107.0, 5), 
    (973, 8, 97.0, 5), 
    (974, 191, 124.0, 5), 
    (975, 136, 76.0, 8), 
    (976, 91, 90.0, 5), 
    (977, 143, 113.0, 0), 
    (978, 135, 113.0, 2), 
    (979, 161, 58.0, 1), 
    (980, 34, 61.0, 7), 
    (981, 162, 136.0, 4), 
    (982, 164, 123.0, 8), 
    (983, 32, 114.0, 0), 
    (984, 138, 93.0, 2), 
    (985, 35, 31.0, 3), 
    (986, 57, 90.0, 7), 
    (987, 43, 143.0, 8), 
    (988, 103, 72.0, 8), 
    (989, 60, 22.0, 0), 
    (990, 95, 33.0, 3), 
    (991, 141, 100.0, 9), 
    (992, 77, 22.0, 5), 
    (993, 82, 96.0, 8), 
    (994, 9, 111.0, 7), 
    (995, 66, 141.0, 7), 
    (996, 114, 111.0, 2), 
    (997, 204, 53.0, 5), 
    (998, 30, 86.0, 2), 
    (999, 232, 143.0, 8);